z,method,V_cm3,n_feasible_runs,n_runs,b_cm,m_mm,z,l1_cm,l2_cm,d1_cm,d2_cm
17,sqp,3018.1738895491735,20,20,3.499999999999989,7.0,17.0,7.3,7.400000000000005,3.4436054414451025,5.0
17,interior-point,3018.1752453343124,20,20,3.5000006082796036,7.000000168800168,17.0,7.300034128399294,7.40000322051108,3.443606798472404,5.000000446266791
18,sqp,3214.059828975051,20,20,3.4999999999999964,7.0,18.0,7.3,7.400000000000002,3.436660263824427,5.0
18,interior-point,3214.061468190399,20,20,3.5000013079631036,7.000000118045796,18.0,7.30002032624264,7.400002481972559,3.436662525221688,5.0000001252871735
19,sqp,3420.316755338468,20,20,3.5000000000000004,7.0,19.0,7.3,7.400000000000002,3.4307272364027557,5.0
19,interior-point,3420.3183167820926,20,20,3.5000004356928636,7.000000708746945,19.0,7.300006689692768,7.4000187951128185,3.430727773914103,5.000000535568485
20,sqp,3636.8924414600187,20,20,3.5000000000000004,7.000000000000001,20.0,7.3000000000000025,7.400000000000004,3.42562079879624,5.0
20,interior-point,3636.893813132537,20,20,3.5000004599422674,7.000000304981056,20.0,7.300005651511886,7.400025029790068,3.425621866431433,5.000000085566798
21,sqp,3863.746322096336,20,20,3.5000000000000115,7.0000000000000036,21.0,7.3000000000000025,7.4,3.421195659624154,5.000000000000004
21,interior-point,3863.7476511601417,20,20,3.500000247442669,7.000000376104932,21.0,7.300027323790153,7.400006873944027,3.421196693400657,5.000000382963293
22,sqp,4100.846516228214,20,20,3.499999999999992,7.0,22.0,7.3,7.4,3.4173368339266883,5.0
22,interior-point,4100.848544565862,20,20,3.5000005322733463,7.000000037583906,22.0,7.300047441721462,7.400001565705234,3.417339170999133,5.000000898276259
23,sqp,4348.1676968625825,20,20,3.499999999999993,7.0,23.0,7.3,7.400000000000006,3.4139524202332123,5.0
23,interior-point,4348.169845316022,20,20,3.5000009541891517,7.000000445123272,23.0,7.300000960172036,7.4000141157147485,3.4139543229790608,5.00000030654844
24,sqp,4605.6895443284375,20,20,3.5,7.000000000000001,24.0,7.300000000000006,7.400000000000008,3.410968294865616,5.000000000000001
24,interior-point,4605.695197149129,20,20,3.5000015862835943,7.000000764469731,24.0,7.3000943319689116,7.400006184960294,3.410973588632019,5.000001952220147
25,sqp,4873.39560783224,20,20,3.499999999999988,7.0,25.0,7.300000000000001,7.3999999999999995,3.4083241668817403,5.0
25,interior-point,4873.397679809519,20,20,3.500000707913448,7.0000003916375215,25.0,7.300000916898681,7.400027265809597,3.4083252666679775,5.0000002452025285
26,sqp,5151.2724570077535,20,20,3.499999999999982,7.0,26.0,7.300000000000001,7.400000000000003,3.405970611627742,5.0
26,interior-point,5151.27382179565,20,20,3.500000469254653,7.000000030694424,26.0,7.300005719660899,7.40001453176012,3.405971603440325,5.000000414452703
27,sqp,5439.309042180725,20,20,3.4999999999999836,7.0,27.0,7.3,7.399999999999997,3.4038668163401984,5.0
27,interior-point,5439.310558185335,20,20,3.5000006555053,7.00000014445473,27.0,7.300004399719482,7.400010421956777,3.403867974354615,5.000000079511108
28,sqp,5737.4962068777995,19,20,3.4999999999999742,7.0000000000000036,28.0,7.300000000000011,7.399999999999999,3.4019788502183084,5.0
28,interior-point,5737.497668756549,20,20,3.5000001123784057,7.0000002024424814,28.0,7.300025226607309,7.400002687395813,3.401981293864903,5.000000247640348
