constraint,value,limit,unit,g_normalised,margin_pct,active,multiplier
gear bending stress,418.1787000514447,650.0,MPa,-0.3566481537670081,35.664815376700815,0,0.0
gear contact stress,683.263636710978,800.0,MPa,-0.14592045411127763,14.592045411127756,0,0.0
shaft 1 combined stress,550.0000000005015,550.0,MPa,9.119371924271036e-13,-9.117684385273606e-11,1,0.3089294991316881
shaft 2 combined stress,545.3788353004041,550.0,MPa,-0.008402117635628703,0.8402117635628822,0,0.0
shaft 1 deflection,0.023679263099944062,0.075,mm,-0.6842764920007458,68.4276492000746,0,0.0
shaft 2 deflection,0.0055496843969157356,0.075,mm,-0.9260042080411235,92.60042080411236,0,0.0
shaft 1 min length (1.5 d1 + 1.9),7.065408162167339,7.300000000000001,cm,-0.0321358681962551,3.213586819625505,0,0.0
shaft 2 min length (1.1 d2 + 1.9),7.400000000000002,7.399999999999995,cm,7.604267291953128e-16,-9.601928861622982e-14,1,0.14333516482003417
b/m lower limit,5.0,5.000000000000047,-,-1.2810265668751805e-14,9.414691248821239e-13,1,1.1625224239640592
b/m upper limit,5.000000000000047,12.0,-,-1.8846153846153721,58.333333333332945,0,0.0
overall size m z (1+u),49.980000000000054,160.0,cm,-0.6876249999999997,68.76249999999996,0,0.0
