run,ok,success_flag,f_cm3,max_viol,iterations,func_evals,time_s,b_cm,m_mm,z,l1_cm,l2_cm,d1_cm,d2_cm,message
0,1,1,2697.1540332166182,5.337610695313252e-16,11,11,0.024489363999919078,3.5,7.0000000000000036,17.0,7.300000000000002,7.399999999999999,2.8000000000000007,5.0,Optimization terminated successfully
1,1,1,2697.1540332166196,3.802133645976564e-16,11,11,0.024208969000028446,3.5,7.000000000000002,17.0,7.3,7.4,2.800000000000002,5.000000000000003,Optimization terminated successfully
2,1,1,2697.15403321662,1.334402673828313e-15,10,10,0.03360416800001076,3.499999999999998,7.000000000000002,17.000000000000018,7.300000000000002,7.400000000000001,2.8000000000000007,5.0,Optimization terminated successfully
3,1,1,2697.1540332166214,1.901066822988282e-16,10,10,0.01543187200002194,3.5000000000000133,7.0,17.0,7.300000000000002,7.3999999999999995,2.8,5.0,Optimization terminated successfully
4,1,1,2697.1540332166287,9.505334114941409e-16,8,8,0.012872555000058128,3.500000000000031,7.0,17.0,7.3,7.399999999999993,2.8,5.0,Optimization terminated successfully
5,1,1,2697.1540332166187,0.0,10,10,0.026513150000027963,3.500000000000001,7.0,17.000000000000007,7.3,7.400000000000001,2.8000000000000003,5.000000000000001,Optimization terminated successfully
6,1,1,2697.1540332166182,8.006416042969878e-16,11,11,0.01788165199991454,3.4999999999999982,7.0,17.000000000000007,7.300000000000001,7.400000000000004,2.800000000000001,5.0,Optimization terminated successfully
7,1,1,2697.1540332166182,0.0,6,6,0.009735900000009678,3.5,7.0,17.000000000000004,7.3,7.4,2.800000000000001,5.0,Optimization terminated successfully
8,1,1,2697.1540332166173,3.802133645976564e-16,10,10,0.015735232999986692,3.5,7.000000000000001,17.0,7.3,7.399999999999998,2.8,5.0,Optimization terminated successfully
9,1,1,2697.1540332166196,0.0,9,9,0.01363978299991686,3.500000000000001,7.000000000000001,17.000000000000004,7.3,7.400000000000003,2.800000000000002,5.000000000000002,Optimization terminated successfully
10,1,1,2697.1540332168183,7.072334171290059e-14,10,10,0.026263911000000917,3.4999999999998463,7.00000000000006,17.000000000001304,7.3000000000000025,7.399999999999997,2.8,5.00000000000002,Optimization terminated successfully
11,1,1,2697.154033216616,5.703200468964846e-16,10,10,0.027876478000052884,3.4999999999999987,7.0,17.0,7.3,7.399999999999997,2.8,5.0,Optimization terminated successfully
12,1,1,2697.1540332166182,2.668805347656626e-16,9,9,0.014238471999988178,3.4999999999999996,7.0,17.000000000000007,7.3000000000000025,7.4000000000000075,2.8,5.0,Optimization terminated successfully
13,1,1,2697.154033216617,1.901066822988282e-16,9,9,0.01866419999998925,3.5,7.0,17.0,7.3,7.3999999999999995,2.8,5.0,Optimization terminated successfully
14,1,1,2697.1540332166173,0.0,10,10,0.0151984110000285,3.5000000000000013,7.0,17.0,7.3,7.4,2.8,5.0,Optimization terminated successfully
15,1,1,2697.154033216621,0.0,9,9,0.029820079000046462,3.50000000000001,7.0,17.0,7.300000000000002,7.400000000000003,2.8,5.0,Optimization terminated successfully
16,1,1,2697.1540332166223,3.041706916781251e-15,8,8,0.015421631999970487,3.500000000000016,7.0,17.0,7.3,7.399999999999979,2.8,5.0,Optimization terminated successfully
17,1,1,2697.154033216617,0.0,10,10,0.03388660199993865,3.500000000000001,7.0,17.0,7.300000000000001,7.4,2.8,5.0,Optimization terminated successfully
18,1,1,2697.1540332166187,1.334402673828313e-15,10,10,0.025299109000002318,3.4999999999999964,7.0,17.00000000000002,7.3,7.3999999999999995,2.8000000000000003,5.0,Optimization terminated successfully
19,1,1,2697.1540332166173,0.0,11,11,0.029497099999957754,3.500000000000001,7.0,17.0,7.3,7.400000000000003,2.8,5.0,Optimization terminated successfully
20,1,1,2697.1540332166187,5.337610695313252e-16,7,7,0.01950581799997053,3.499999999999999,7.000000000000001,17.000000000000014,7.3,7.4,2.8,5.0,Optimization terminated successfully
21,1,1,2697.1540332166182,1.901066822988282e-16,11,11,0.030976902000020345,3.5000000000000004,7.0,17.000000000000007,7.3,7.3999999999999995,2.8,5.0,Optimization terminated successfully
22,1,1,2697.154033216618,0.0,10,10,0.02026765499999783,3.5000000000000018,7.0,17.0,7.300000000000002,7.400000000000003,2.8,5.0,Optimization terminated successfully
23,1,1,2697.154033216618,8.006416042969878e-16,11,11,0.0218558319999147,3.4999999999999982,7.0,17.000000000000004,7.3,7.399999999999999,2.8,5.000000000000002,Optimization terminated successfully
24,1,1,2697.154033216621,3.802133645976564e-16,9,9,0.02565467500005525,3.5000000000000115,7.0,17.0,7.3,7.399999999999999,2.8,5.0,Optimization terminated successfully
25,1,1,2697.1540332166182,3.802133645976564e-16,10,10,0.0282632299999932,3.5000000000000044,7.000000000000001,17.0,7.3,7.399999999999999,2.8,5.0,Optimization terminated successfully
26,1,1,2697.1540332166196,0.0,10,10,0.026201316000083352,3.5000000000000027,7.0,17.00000000000001,7.3,7.400000000000005,2.8,5.0,Optimization terminated successfully
27,1,1,2697.1540332166182,5.337610695313252e-16,9,9,0.016350318000036168,3.4999999999999987,7.0,17.000000000000014,7.3,7.4,2.8,5.0,Optimization terminated successfully
28,1,1,2697.154033216617,8.006416042969878e-16,9,9,0.014029284000002917,3.499999999999999,7.000000000000002,17.0,7.3,7.400000000000001,2.8000000000000003,5.0,Optimization terminated successfully
29,1,1,2697.154033216617,5.703200468964846e-16,10,10,0.01703887099995427,3.5,7.0,17.0,7.300000000000003,7.399999999999997,2.8,5.0,Optimization terminated successfully
30,1,1,2697.1540332166264,1.7109601406894537e-15,11,11,0.030163539000000128,3.5000000000000253,7.0,17.0,7.3,7.399999999999989,2.8,5.0,Optimization terminated successfully
31,1,1,2697.154033216633,0.0,8,8,0.023120058000017707,3.5000000000000395,7.0,17.0,7.300000000000003,7.400000000000006,2.8,5.0,Optimization terminated successfully
32,1,1,2697.1540332166196,1.8681637433596384e-15,5,5,0.008277550999991945,3.4999999999999964,7.000000000000003,17.000000000000018,7.3,7.3999999999999995,2.8000000000000003,5.0,Optimization terminated successfully
33,1,1,2697.154033216621,5.703200468964846e-16,11,11,0.01749543700009326,3.4999999999999996,7.0,17.00000000000002,7.3,7.399999999999999,2.800000000000001,5.000000000000002,Optimization terminated successfully
34,1,1,2697.154033216617,0.0,7,7,0.019745020000073055,3.5,7.0,17.0,7.300000000000001,7.4,2.8,5.0,Optimization terminated successfully
35,1,1,2697.154033216621,0.0,10,10,0.03224994300001072,3.500000000000001,7.0,17.00000000000002,7.300000000000018,7.400000000000003,2.8,5.0,Optimization terminated successfully
36,1,1,2697.1540332166182,0.0,6,6,0.019143725000049017,3.5000000000000044,7.0,17.0,7.3000000000000025,7.400000000000002,2.8,5.0,Optimization terminated successfully
37,1,1,2697.1540332166173,5.337610695313252e-16,8,8,0.02419142999997348,3.4999999999999987,7.0,17.000000000000007,7.3,7.399999999999999,2.8,5.0,Optimization terminated successfully
38,1,1,2697.154033216759,6.725389476094698e-14,7,7,0.02193128900000829,3.4999999999998748,7.000000000000099,17.000000000000806,7.3,7.399999999999997,2.8000000000000087,5.000000000000014,Optimization terminated successfully
39,1,1,2697.154033216616,1.8681637433596384e-15,9,9,0.012896338000018659,3.499999999999995,7.0,17.000000000000004,7.3,7.399999999999995,2.8,5.0,Optimization terminated successfully
40,1,1,2697.154033216618,0.0,11,11,0.01635954400001083,3.5000000000000018,7.0,17.0,7.3,7.400000000000002,2.8,5.0,Optimization terminated successfully
41,1,1,2697.154033216616,5.337610695313252e-16,9,9,0.016637321000075644,3.499999999999999,7.0,17.0,7.3,7.3999999999999995,2.8,5.0,Optimization terminated successfully
42,1,1,2697.154033216617,1.901066822988282e-16,6,6,0.010044099999959144,3.500000000000001,7.0,17.0,7.3,7.3999999999999995,2.8,5.0,Optimization terminated successfully
43,1,1,2697.154033216618,0.0,11,11,0.01583760699998038,3.5000000000000018,7.0,17.0,7.3,7.400000000000002,2.8000000000000007,5.0,Optimization terminated successfully
44,1,1,2697.154033216618,0.0,10,10,0.016927549999991243,3.5,7.0,17.0,7.3,7.400000000000003,2.8,5.000000000000001,Optimization terminated successfully
45,1,1,2697.154033216618,0.0,5,5,0.012141974999963168,3.5000000000000013,7.0,17.0,7.300000000000001,7.4,2.8000000000000007,5.0,Optimization terminated successfully
46,1,1,2697.154033216619,0.0,6,6,0.014276827999992747,3.5000000000000018,7.0,17.000000000000007,7.300000000000001,7.400000000000001,2.8000000000000003,5.0,Optimization terminated successfully
47,1,1,2697.154033216638,9.34081871679819e-15,11,11,0.017035749999990912,3.4999999999999782,7.000000000000004,17.00000000000015,7.3,7.399999999999995,2.800000000000007,5.000000000000002,Optimization terminated successfully
48,1,1,2697.1540332166205,5.337610695313252e-16,9,9,0.01321859399990899,3.4999999999999987,7.0,17.000000000000025,7.3,7.400000000000001,2.800000000000001,5.0,Optimization terminated successfully
49,1,1,2697.154033216617,1.334402673828313e-15,11,11,0.028737531000047056,3.4999999999999973,7.000000000000002,17.0,7.3000000000000025,7.400000000000015,2.8,5.0,Optimization terminated successfully
